{"Fid":"c6jSPJanQYeh9WFlUFum6t","Status":3,"AuthToken":"eyJhbGciOiJFUzI1NiIsInR5cCI6IkpXVCJ9.eyJhcHBJZCI6IjE6NzMyNTY1OTIwMjU5OmFuZHJvaWQ6ZjZlNThhYjBlZDIwYzNjZCIsImV4cCI6MTc2NTE5MTQ4OSwiZmlkIjoiYzZqU1BKYW5RWWVoOVdGbFVGdW02dCIsInByb2plY3ROdW1iZXIiOjczMjU2NTkyMDI1OX0.AB2LPV8wRAIgNIJpKk0bYiWNq9B3hqODvJ2HZKMjne2uOirLMNiwe3kCICtNzI-l9vyiOFeLBEbjHDekti4biducFoMcv_V_T70K","RefreshToken":"3_AS3qfwJcJ9aRe3vM1oQUrqg2WC55mJDszPDM1ye6eEphw-iDJCZgcw40-0LCqDmzGl2LA0h53t-rRDKjoIJEChERvBRh3lhTQs1d-B4Ms66am2s","TokenCreationEpochInSecs":1764586689,"ExpiresInSecs":604800}