<?xml version='1.0' encoding='utf-8' standalone='yes' ?>
<map>
    <string name="preInstallName">{&quot;pid&quot;:&quot;vivopreload_int&quot;,&quot;c&quot;:&quot;2025&quot;}</string>
    <long name="prev_session_dur" value="7" />
    <boolean name="ddl_sent" value="true" />
    <string name="ddl">{&quot;from_fg&quot;:211,&quot;net&quot;:[424],&quot;rfr_wait&quot;:1,&quot;status&quot;:&quot;NOT_FOUND&quot;,&quot;timeout_value&quot;:3000}</string>
    <int name="versionCode" value="9927" />
    <long name="init_ts" value="1764586688423" />
    <long name="fg_ts" value="1764586691058" />
    <string name="savedProperties">{&quot;uid&quot;:&quot;1764586691061-9162875870760906236&quot;,&quot;shouldLog&quot;:&quot;false&quot;,&quot;preInstallName&quot;:&quot;{\&quot;pid\&quot;:\&quot;vivopreload_int\&quot;,\&quot;c\&quot;:\&quot;2025\&quot;}&quot;,&quot;logLevel&quot;:&quot;0&quot;,&quot;AppsFlyerKey&quot;:&quot;3TV78onneSTLeEX8p8B4y8&quot;,&quot;advertiserId&quot;:&quot;b23188a2-001a-4eed-832a-c3e5f43e752e&quot;,&quot;advertiserIdEnabled&quot;:&quot;true&quot;}</string>
    <string name="AF_INSTALLATION">1764586691061-9162875870760906236</string>
    <int name="appsFlyerCount" value="2" />
    <long name="AppsFlyerTimePassedSincePrevLaunch" value="1764586699939" />
    <boolean name="newGPReferrerSent" value="true" />
    <string name="first_launch">{&quot;init_to_fg&quot;:2635,&quot;from_fg&quot;:905,&quot;net&quot;:785}</string>
    <string name="appsFlyerFirstInstall">2025-12-01_105811+0000</string>
    <string name="attributionId">{&quot;af_status&quot;:&quot;Organic&quot;,&quot;af_message&quot;:&quot;organic install&quot;,&quot;is_first_launch&quot;:false}</string>
</map>
