<?xml version='1.0' encoding='utf-8' standalone='yes' ?>
<map>
    <string name="deviceId:48K-8WW-754Z">__7758a591e99d4646aa1c627283f6ecf8</string>
    <int name="lastSessionId:48K-8WW-754Z" value="1764586688" />
    <string name="ict_date:__7758a591e99d4646aa1c627283f6ecf8:48K-8WW-754Z">01122025</string>
    <string name="fcm_token:48K-8WW-754Z">c6jSPJanQYeh9WFlUFum6t:APA91bHwCe9P8uQVsoK-TuHHyZGi52c0dl7B6H_lBB2vyZkzwHzJuJxtM3flXhn_q_SGf3awcN4d0t4l3TKrsJcRjCy_8x2pGQc_RSyDPBfqcNUZvbvkESI</string>
    <boolean name="NetworkInfo:48K-8WW-754Z" value="true" />
    <string name="comms_dmn:48K-8WW-754Z">eu1.clevertap-prod.com</string>
    <int name="comms_last_ts:48K-8WW-754Z" value="1764586710" />
    <int name="comms_first_ts:48K-8WW-754Z" value="1764586691" />
    <int name="sexe:48K-8WW-754Z" value="1764586710" />
    <int name="comms_mtd:48K-8WW-754Z" value="0" />
    <int name="istc_inapp:__7758a591e99d4646aa1c627283f6ecf8:48K-8WW-754Z" value="0" />
    <int name="pfjobid" value="238148191" />
    <string name="instance:48K-8WW-754Z">{&quot;accountId&quot;:&quot;48K-8WW-754Z&quot;,&quot;accountToken&quot;:&quot;00b-3b4&quot;,&quot;fcmSenderId&quot;:&quot;732565920259&quot;,&quot;analyticsOnly&quot;:false,&quot;isDefaultInstance&quot;:true,&quot;useGoogleAdId&quot;:false,&quot;disableAppLaunchedEvent&quot;:false,&quot;personalization&quot;:true,&quot;debugLevel&quot;:0,&quot;createdPostAppLaunch&quot;:false,&quot;sslPinning&quot;:false,&quot;backgroundSync&quot;:true,&quot;getEnableCustomCleverTapId&quot;:false,&quot;beta&quot;:false,&quot;allowedPushTypes&quot;:[&quot;FCM&quot;,&quot;XPS&quot;,&quot;HPS&quot;,&quot;BPS&quot;,&quot;ADM&quot;]}</string>
    <string name="comms_dmn_spiky:48K-8WW-754Z">eu1-spiky.clevertap-prod.com</string>
    <string name="SP_KEY_PROFILE_IDENTITIES:48K-8WW-754Z">Email,Identity</string>
    <string name="cachedGUIDsKey:48K-8WW-754Z">{&quot;Email_&quot;:&quot;__7758a591e99d4646aa1c627283f6ecf8&quot;,&quot;Identity_2309140751188971577&quot;:&quot;__7758a591e99d4646aa1c627283f6ecf8&quot;}</string>
    <boolean name="OptOut:__7758a591e99d4646aa1c627283f6ecf8:48K-8WW-754Z" value="false" />
</map>
